3000,0x76f72b060b2f0a702f5fada34d005578f3b0e8f8,04f586957689dd425776cb9dabf6c8fa5b311a175ede33e1e85b54c931b6d8fb14f8085a1b095e6886a25bbe346da08eb05e605f100e67272da7dac4d4c43d60bc
3001,0x4ed4b2733f458f72979bea194ce8de5aa4889e0f,04ddb66f61a02eb345d2c8da36fa269d8753c3a01863d28565f1c2cf4d4af8636fdd223365fd54c0040cb6401cfef4b1f2e3554ae9cc5de7a0fb9785a38aa724e8
3002,0xbb1f28e0f2b18c02c540903e5e4e30fcaa940578,04bfde01a8a6973c4ece805f9a46f83d076a00e310e37351b50ee9a619838ce19e6dca73814b3557845140d0e97850487277b5a7ba87f26bd0cf9d943ce7623b9b
3003,0x2b1b3896ffa7627c6ec20d7b4ccfd2a2491fbd45,040fb119adeaefa120c2cda25713da2523e36ebd0e0d5859bef2d96139583362d9f8420667557134c148405b5776102c633dfc3401a720eb5cdba05191fa371b7b
3004,0x188ed5da756ab0c4fd2a0b7de157e256f6f93016,046fbf49bb8134c53d50595895283d4ce3b09473561219c6869ee2300af5481553e43d84d49837bd5a73fe6a3ab9337ef68532e1bf14ef83fb2d42eaa55c237680
3005,0xba0495e4ace004aae385a49b8b19020cbfa32e4e,04471e6c2ec29e66b89e816217d6f172959b60a2f13071cfeb698fdaed2e23e23b7693ed687088a736b8912f5cc81f3af46e6c486f64165e6818da2da713407f92
3006,0x7830b051f78fa364c4d7a9c0e911841d552deb83,0482c4b01761ab85fcabebbb1021e032ac58c62d184a80a588e7ba6d01928cb0402bb174b6e7e9ce7528630bc9963bf7643320365ab88ee6500ad3eb2f91e0efcd
3007,0x214e6b62b61181f5a4a9931c36ada08115b6d734,04665d86db1e1be975cca04ca255d11da51928b1d5c4e18d5f3163dbc62d6a5536fa4939ced9ae9faf9e1624db5c9f4d9d64da3a9af93b9896d3ea0c52b41c296d
3008,0x0949b1b839b16f7fef08b1310673654ac370ad05,0446a08e02df8950c6c5d1a1199747efab9fb5aadcdd79a95139f35bfbcf31f9ef8b116bad1012984521b6e7f07d1d8c67894d7d52880f894c93ff9c0aff439eb4
3009,0x66c461ed5502a8e7d131b0cc974e2cb4f2e2d79c,04cc4b7eec3629b6221be080110cc17decd6c0f9305ced1e587941f1fe5301ba4a5b3194b6db4e297580ec82cf8d5664a6057bf42873910664f259e0aede5731dc
3010,0x304cc179719bc5b05418d6f7f6783abe45d83090,0401d8c7ca7cb14196be6e39f9b14845b5e6144373d5721c05b1b269955d3861a7ecaa31ebff836770574c82497f00811f9d903f89e231bf61ca1bd961541db527
3011,0x786775b2af02b7dc3e65aa09a141eaf422bfdf60,04670cc2d707fffe69f1ab5cd929c168f6cde7ee27b339d08e8e8d92e42ec9d471ff93509488e25493bdd041c2458e67b1b78e55db2a6f67c0602d7d32990176f6
3012,0x783306ef210dab06905f08ad3ff8955e4113368c,04ede7370b728d35c23bf21bb9496131da34a481a6a64f76f0d6097799fa686b06ebb000176c8a2e92b8c6ae61a1eb7cbff806f778a38ff7f4ebc9569f39174a90
3013,0xf1885c3894e896fcdbd6e4775a1f27ed4da97885,040111dbbb15166f16f77b5b16f31de91fa43a2399f8c940ccab922a121fe8cb0b428668851f8131ba0440e84507c6040e8fc1116555335725e1e954b2fe9cf52c
3014,0x8cac691877b9b334d64e87b66fe990d304116cbd,045bf028724efa0727c04cec7e718ebb27f6a080b88e4b942c77336a5adfccb96146ccd7b486e304df51a9ae0a453c52d5d119b418b52cb97b7fb848cd9efd6cea
3015,0x6b05c54e7e93238273f0f7dd6ddeb86ea38f850a,043ba338b695e39d6ecb8ef5b4c16a0616f06f52f29a2068ead1f33274202b4c2798f0ef5be51f46df9f62e01f8d65a50a60ddbdf85b36607552626822a0f41921
3016,0x763248b46c87bdaae87bdf78ed5583c07e9467ad,04686044e26bbb146e1677d0a926f40244fd9991509ad04ffc1b8353d24c6fee96361ee9ab5905f69084e765c3f231be19bf9fa98afbfb69a2381e843662aeaea9
3017,0x91959b10d2383ae24d55a634614436c77055257c,0444792068683712e11b2df2615d39cda8d7925e83e1914bf45bb2ccdfaf45e1de5300bb1eb9503a1be156505cf4f2e367f4178e95e12f89f31dbfc2a59e96fabb
3018,0x0dcfcda577514dc09e91f2e9525d5767e0c41db0,04c56a992de87b3cd78a0ba7f03f2affcab71411c2781bb3d1debf719c7360915a0971fabf91378f213005c888b362d12358423d07cec8db32b381e670d1d5aa35
3019,0xc1177f85711a49ea327874cd5b3c4eb523c47ca2,044f82d3ba2d746c443291a7f96da8bafaf08b1981059015d81ee55c71188d22762f7b08c5fef7ade325253b42c8466847ce2e978b4d9b44bf11c49b571ab4b8b4
3020,0xaa97288d8af06c1b05ce9417f6f94041a51fec3e,040cbde1cdfef536018cfc4ed28c12a138a4bcc285d8e43cf4da6ac373ddd4bf30e36cb7b093f3cd3cae1aea2a32fa2d701602cb30e5e18e5b4021841b30245182
3021,0xb7b84d75b2ba6dffae0ee0fee52ed671ebb65337,04a628abefc5f17ba8f8f0f516e45d5841275a0700acb05d7b1835dbcf9983e0b5898511a9a75ff09e2e2bc79e60933cc3257010fc69ef2489567d9a3415fb2bd9
3022,0x03b72a1ef29275433d63b12aae16ce3dd322bcc8,041086c9da2e1ebd08c09ece101eef0c5a391313c5fb801d8f21e5542c036a1db20932351502089ae8dffea3884b4d5ca045639f1b81d426761d53dcdf35d47520
3023,0x320a14ef6d1722b44aa17b8e2dfd1d1564287bbf,04eb202d6e987838cbed07efad2725d26c92bb39bdeace5fba68f144ab6a22221d18fa4bc9884edbd141d9cb4702e0e151e83b3201d3f5bdbad8f8900f25494556
3024,0x7a93f0d9f302c0818022f8dca6ee1eb0f1b50308,04f4ea1b460f5fa9a48806892602988e0d02108af1f2a8b1e0196763ad85a1427b26360b19c1dfed0d1d2709e6d3ff9ed22c6f70a9a9826201be3013ec537b75da
3025,0x30ba4f5767be7215443d7fdf2d8edc2368acf30d,04664825c5e136fed6866e57c6c03777be4e270d7cdb0bb6376b24b414a1e66588a890ca5e4a403245566049fccf32db8f3fd320583b02d3dbeec95bd3a1f40aac
3026,0xef7bfc0cf1050a12edce926b0102be6d1d1b075e,04db8c1042a7f9f282a45feb894cf2f241b26e8e8bdb2c08988a77b83dd16ea91edb5664406fce0ad59c8a6e981a7fa353ead4686e1aae10b43e0bca169ec54fe5
3027,0xcb108245cc354a15e5b36903740ce6c209b45d36,04821c69bd105b7e4b999465c388988b046f86882c4018ced7b4d2ef30b265d4aa200fd114065a6044a934ed5ef49bd68a00c7c3206694acf3da178b891dcfefbc
3028,0xb0eec9cfede2cb6dc4c035e48298d9ea871a07a8,04c62cd77a804a3790644080b89d8887f0066cc1b2f67c7c5150047607515012397912540bb769a38c796690ea0fc3126183017102104ec91330ca65b84cab84ec
3029,0xd811bc44561d34f14c916c5d461647f934691050,04103ec7ab9563a31b8612c60bf5fc123def921c472593b2bb06a914c874828cc9daf296167fccd23f1c95f9160e1b1f1d4e2b82014eb333d7ef46a11b67cb8785
3030,0x57593a4a379479a627ee073633c22907923a1a11,045c7984996702a29b89890eaab4ba2dfe451177bad01a06950fe539257aa6cbc315ade437772f7f7c4ad4a6e06b6b0bc24bd9210a595529d6ed9fc95a84731416
3031,0xd585ebefe744b466080c990cd0dea3b6eadf0a08,046e5c964b52739f86e388ad40e9a4fade41ee24b97c6d75407a0c6112f8ecabe30c47a7ddd6b02427984b103fcff4a400da40fb378108ed6b35a70361175702a3
3032,0xa2ad51822a13308276cfff7de82f3bf0e393b56a,043372f349f77f640682b468c83d46f9d92c90609b28c59843acfa425043b614fecbf225b16a844542d04cd13e4597f6eb573ed0fd054107583eb785ed8e1a30e2
3033,0x3fefb67d25a11d551f070d42c13853e54f19f262,04868148102689cbfb9118f18d225d8562c61ae941f25374d2482673c0b2e754b56b215bd88302643c527594646d518189930cdf78747b08234f2b4e386f79988e
3034,0x389076adddb34fc5d342184f2ef2424592ed9f58,04e9eec5fc49ee9cce773f2222d2e9536a1c2ba76ecbfcaa9ef68a1357224af7aa56cbca6839b476944e34bf8adcea3affe3254b7a4bb3b3f2fe9a05bc6170a6a4
3035,0x830f2f85873d7966c33d2423e7a3a080c9549c82,04e6a3eeb6b7845c3215375edb5b4e5a72b2893fb69a9c12273a4a1d336a7c8adc456ace61c422986a17646f673789cbf9a0e44434a1a530c8361d588e0e7c955e
3036,0x472ff061b3620ed49eb6e407bec4a392f2115a22,041b7d2482344f572464b4f49c5ac3e7343b5fffa613acf39d19b16a68af4f8993d772140c26c8ef43a80dc269b8dfdde6bbcf1fc2891f50030f7f57d496ee6eaf
3037,0xf7c35a7cfc1caed0b36acb6030ae8ae82a707629,0406a7155ac2c1dccf7d111422acb44b0273cfe1af52d35fc6fb0ec15b45ef45f1c4a3fab17dafbdf8a20ae357a4ab76d222b1c11ea19eac669e2981b4df3944d4
3038,0xf50e9826f70b184a5f03bd139cd959d6914e23ed,04e5a0ee520b1991603afba789e12b2bf0ebc14c5e4a982b8bd059ac187aef614a21dbd722853f9f488a2191e605b5fdea9a500beb8302712982c8f8d9f9fa3ab8
3039,0xe7046439145e411468af25bc149ab2a6e311cb98,0465486a4bcec60ebb0f2aa8b1a6385c859612549675084709fc156d862635ed678b013edf9c9d4efc2eb6c39b4e8b5d476ce5199a816850a2d36abaedeb54fb5e
3040,0x390da0a9c7068395ff3b9747ecc2a511e7a620df,0491d5fb78d740773bbe0bdda3cd6e4bc47db83a43029f0e6e17ec069ba3ec9ae8c7c6d12f5ff3dabdcb9ab88b1ba4d9acd3ed2ce5920942f607a615d7d82aa64e
3041,0x3b76220654de39ef68c32d6f20e2f9c24530f439,04de3150fdd02e92e3a646acfb3e8a254c11d75bf0708d01a7ded9721bab6e6a18328fea32473b27821b70f7d1300ae41d147f26de8f473ccc9ec3e5f9363ea08e
3042,0xa3e686fdf47cbff16425940dd7ec98c1dce274ef,04113e9f6769c2c4c200ca759e8baac6d57f52a0764c73da6b2e8f02cc74ac41fd1e9efe48059ab6301ca5f7bfd38b811736d96a99b8721f457577c6839f35ca80
3043,0x28e206154cb4cf21420ab500ac1632f27d81dc22,04866e20b7e38b55cb19d87f62c0ca99d42405bc417995eda715a2d97a20a395a72cf0c37bb2962a6857c4af95d2908b2c7a3482a6c095e8f782e90c96992f1d24
3044,0x8bdd72abd90177d8ee279c749ff850e2aa5a1143,049b1138c2535ccd40cc5ae373de04dd81d2323d2ea7a2f85f881d37a03f3b2ddf13f8ffcf737822e0cb22ab16bd27abf16e3a232741e0548f937efde0326d4681
3045,0xccd3880487461200af161918b0fe68d5ed7876f7,04a1a2a05dfc36fb3af31beb5216ff3a7ecb63168827ba213e34c857760ddfd95f60badca9eb401bc4b45e8be2eae023b39a13229e5ccca58306b288d9baab934f
3046,0x000d96ccc0824691af824cbf8d8a33923adf8ff1,0417bc2a6f85ba17e0d121c40dd4750494a0f79f860fe6adbe2f8a99ec5a8b5d044f1b389fce659ede2a759efba1d041676966997098efbab573fc055456c9a3c2
3047,0x00af742936f4bc47a23fd1d5e2eda396e861ec01,04d7a6df66e4e5fd2888bf34d9f9aab650835fe8e55a5567c4dba50a9013c0ed0e24c435ccc20008c5e9758e50e35530434ca1149f6b6fc5ef6586d027cade5609
3048,0x0cd06f05795aa5df76861e2df85e32499de5d303,044aba91c436fa47584795b91dbd71c7ba57170c0d821538976ba0946dc859eeb3236533b3874be2c0fb25dff80e041e92086174dc6853d2ad00294601642ded6c
3049,0xc94bfa6efeff044e4337ad2b6a03801fdd4b90ea,044cf97383f1e58194906b7c9d7a56580981a870a6757c9e255c76b2f59f673186fdb49bd2c554184cffc069cead3954daaba0393c705a60019fe9a8ce3157ec82
3050,0xb961dcbe3f12c250f919cb50dd61a247f680c0da,040348778d72cb35e1c114eb98861738b4b20bf216a360758aae189f8e95b6506150c18f696164651ee79d36c38d6eab533febc8e560bfbaaf78ee4b473188e87e
3051,0x3dbf72b60a436109e6ea0eb5e9f1826c7d8f5f39,04f0f1faa4f07d13e39170e38bd505d04f8786256b509e9eddc27d2155dad0b184c414ce152728f1837fa5e6a0f4303fdb5a74fdd54c28d88216bf3a905ded81b0
3052,0x5028db8f5f78a514495d71245d1ee909d969a714,04003be2c5773fee90d8351c144932a3e8996c8be0109418a011ec3bb4295d230d787e82893e2e71d01c404d265a1cbf31ce9c45f012308f41c65c513e22627a47
3053,0x2c050cd43fb3e5a5f066f6132ebd41a6d1ef3374,04db7e01dd836bc6294833486a97132c67c05ec55565f84604e9d6e916761596193a5e95e3b1aacddb1ff5bcc0d55d8d1b186d88019077a654dc444e4a72e4285f
3054,0x4e143b421cfac9ff033b8099e8ab2ba38bedf7d8,047877f72c3f9ab7513552773eaaac00f0c283566feed516cbaf0fc063f15ca1d9ef35ddf49d9b7d49ad2a1363fd12b77257abc6514ba1b102c83bb13fea304a02
3055,0x3dd14adfae47b94dc30c2c5487454eed180fc0da,043d938508f6bdf0594d8bf3dc4ed9cb57604a7d3827eb5b60e339ff444a4a15b2a765e5dc9309e487ec12bde851208da09052f5cbde194716a2e7875c556aca30
3056,0x7f176636bfd31910ac483281dc3871861cf0c6d9,04472e2c3ecce41686dda7df95f2f1ab7d96a1cea4ae77900a71c8ecbe0ce19efe5fe47889c3aaf8e8f7d654888bfbba73ca1cbaef7e967bcbcba3d69f8a262fe1
3057,0xbdfe599acaa7b8955b51792c06446405f7fc59e6,04a35c9dc03bcbd1a862e0ec628c072d76929fb32c6be923deb4ec69fa9d077fed89568029ef6fe8eb2efcf7b4b8b0e0d5343cb98e97a362e190db844d302107c7
3058,0x894005818f9d6f684e5c6e61744e2275df7c17db,042c95ef7d761470cc85e1d54cc55c55a5c74ae8ac2f73f87599ae24e7ff22d86aa33be804d08beeea43248dd8970f69bd6b4405d7223c621950a8e0b30e3a2afc
3059,0xb874e3a9b33a3dce1bb30e3924170de4351d98dd,048802114cc855eb513c95cb7a107a7497f2ed8c7cff9b81cfa21b390d820b47f4169ddf7a9e4e800c08ce59a907855030e96a41a2edda6f11b571793979a53477
3060,0x388132c5017d242c61abe6de0d1a92b30298fa81,04f4b1953a11f9f71be1f827f340cee96ae5a62db754e9a03cc0d68082fdb10cfe7fa1b5a818067929ef9b62ab5c86c765588332dbcbe3a26214a15d57e3669aad
3061,0x2032126b4f49965e753d323710eac03ae476eff6,044ed34700d4185d8b7a6437776a978f220a1a2e80e3dffe3ef3c388d45167410e267764b4a7928520edfb49bd9ed4366611c940abcbe5758a0077a34afde0ba75
3062,0x5ded983b7ea265ff49950e890aaecee00add7757,04eac6112c4f0dc8971a648a3f78abaea9165242722dd413615ae010f3b747bf2ceb3521dff437240ac4aae87bc3b6f1beb84da98a0361b83edafb5a4a9c0506d2
3063,0x3e529878a71787f405261da3cba5e0357d929aff,04882274beee85cdb95e9e339c9804daed224f1cd5c9f8d7a3f269e093ebe31e5519e756594b5c29377b9d8c4eeb62824d073beda11d031c3243cfcb837554bf0b
3064,0x3ca33a1f7b216a3379727553c9a0b1d051a37401,04ea9da9f9b799a227345c6b52ce275b4d8b63945b0b33a037acb9e419bf0b471a37ded0c71064193906f46cde322503abf524c3dc6c3120fdc1afdb800baf7c84
3065,0x06db293a7086f02425b3ae74bd2fa21d8d5187a2,04b517c91dc29ab0d484fa5abf041edb8d986344e0673f9a7612d097355139d3953da14c1a30186fa9b4c6c3e72c9bf18f037307830a129fff942b134b99229708
3066,0xad668989fd4a5a3becb329eafbdcad11cdcf3715,04297c268df913ce7150a1467da0b71830aead51fee6f4df58158f1a5bf94b72101fdd114acff2749f557c386aa31d455a4957897d51e49a6a3d2728800a7eb987
3067,0x7a7366fd8cb6f636b4fc928df013e35f4121669d,04aba60b681f09c5da356fb7387b4a7958b997cd2cb59d3375c31f9f69e557d004047d8f99c7702e05d74e2e2392b68eb30e2a38e18163e6a7e5f6bb0ac0bcc2b3
3068,0x9511392b55df14c24a97fa06514c27672156e7ca,04a368546f57a8e1a7eb2eacc8a23c22c68b00cbf6b69e1991c3c2a082211cbe64830140daf5563115fc4ca0b9b704cdb176978d34056879c00fdf9262ee860613
3069,0x5945b5f768fde86724344de5ac6d3abc719cd95d,048af12c3d3596e6adc13000dce0ef2813b0c336187ffe2fd712831978338a7dc658a281ae2ce43b0d90caa7805692c430421971cffdc87a563d8af7a9f1240010
3070,0x47715ea0979af87d19e40965573c0f0e9d161fec,045c517937e5a710152a4941b61b88586cdf3d265fe9ab08ea012e5b8b608f80ac5bba2d750cef21a3f1b100e91a1cd5a00cbe2881d5324bb8ae3b4ef36170379e
3071,0xf7f2d269d825738577b0507aed428e2857c521bb,0406f714260a1ebce608d8d140f2481b13a9e64b8bf9bfb7f12a18bf52db2da467441ba2308cbe77f907329718451ec2440c9974ac4fecbcb1e5530893aaf30c37
3072,0xe5337ce720b97714cbf1f4ac343a70fe2ce5b271,04b942bf7ee1aac2fe36daccdf3f4df29f8cf038efbe314b2844edc43f2f740c2bbaa79dc901fa427274d91e6d130752f61e59c8f0c088aba657842cdfcd1089e8
3073,0x9d2ded804d8ed67055d86d3014989b3d012227b8,04fa1bece315f944e97fd595b918e444c720aa2be90931f89218e6c2fc35047333223b74afd30f28ea5be443beeb185a54ceb1868ff25488ccfdbc99a2809493e7
3074,0x799c2c24ebe7f2946c3c3361d8c34167c8125ccb,04b64e9c1856d7f0fb4ddd80b194ebd047d5ab18bf2ed72b1c36ffb8f4de71eba4be5ccdc41d7ced4df39b30db28b00b177d9eaa13dc4fc60d78eaf0d39bd6bba9
3075,0x88cfa104e078f52bd4870303ee81c2887621f68f,04954076d07d29eb6f04528b53539f4f61f7bfd5049a1324a66c0051eac593b6b27fb21d0fe5ba5ac921b92187d34cfad02aa5b6f1ea12231f96933820a877a7be
3076,0x15ab6682826423948bdd5cc9ca7bd8dc76289ae6,04e11967383584602db1a9369dd34080ff2762cd5cebbc95f6231425d4ab8dfdaa3395c0e67bae8114073e22efdb6bc17ea049081d67d9fb8f7818996668173768
3077,0x7ce1d4a55c63f625f59f8fa6b48c77b32fca89b6,04b6121f8b88f651e15d0a5e3c60a0966c582014f931a433867afd522152ffb61dba6ec9425c00e615604d2b81425ec0b6b20ba39abc8493fcb188111b6a9888c6
3078,0x78bcc0c2bab23e5ec1953b5720aa5bb20d6519c5,0449a435d8cefffc229799876b3f912bc74f076f1c3c5896586a07fe4b1b50b396f34e04bcb78080bf716f9fd1614b634ce426f06c058e3d5ea72f34bcf09c2779
3079,0x8b430b01619a7b1d0cf990260828d21e1979e960,040fb6b7c7e67b446911cddb59167d7083918d66dfd6e3151d7190b0929677feb48a98fd3536e901fab652a00d7ced84e7ba1fb1eeb27c8b9de7fa6d50b0b84af6
3080,0x4147ea599e2729b1ca3ddb23a1730b0acaa92078,04d979a1f918083c616a3951e9e956987921ae4aae64f03d8b8887edcfbca01f1c5b2b21cbf08b2c40e4de8c76211d0e1956641e38744897bd053850aef9cb9eb2
3081,0xf467622164716b3763caacc9ae1583abed6ccea5,0477bbd60ba6b90f3884e07d47997d620d3ca087a508945ee660fcd07b489b0f5bd8332783499ff036ffc7fc98ccaef25713caf49bb5e372b1b018dade4b54d25d
3082,0x1e46326d506f0ac7cd9dddcd0d721d7711c796a0,0479388d1789a4036e240f95cc167ad75e422441236cdd33e4a3037dcbf92054efe191aa169fddb1d6826b598972ff817104195ba7302923732f58a2b2f75278c9
3083,0xc05e203709dc82ca9b561c3856af150a8add5031,047e89dc6b438bb055ef5e14fa445e167825c2cf47d0948c3552df3179e3d0142651fc57854f82efa563f233d00bb51561e9e23f5693e2458c9dab9f866a3ae51a
3084,0x8d71cd37bc1c715f6d4e9b5d68aa17a8b42cac87,04a1b115f7e3462f266a69b6673f2a9480ae903af4a56c693b7967c97d4c65c1780bcc59f66b1bf02379d7da05d96d0614741a6fcd870a05bef3bd101966487eef
3085,0x64790143f3f8a253a493b58eb29af1379d4a82f3,041c43fa9f7ab6fb0a69e8b976d56e9907ba203b0ea32449a8900c2e4126b7f4e4c91a1fd19d172ec2cc160bfa0f571ff1caf52142f321dbe4c79ec9b67cc633b1
3086,0x102e7e9d19c18e8d4be1d3a21cf5170bf0d4b21d,041021f0ece5bd9cefdff609a0a1d4a4c21d05a4ae1361978135e8b80105483ee5f056bbec0d00f8dced04949c89a32626bef82e6743f9553ac4471e5f12a048d9
3087,0x0679ecbcb5f996e6eae9d2adee24fcc4a5196827,045f2109ea063b9e801a29ef32bdb32013dc4f05e5bfa649f3501c6e55aace26774f576675007a73cdbecdced5571919b743ff44bca0f54cddd4f4c9ece680f9ea
3088,0xaab5e9f7b3a8d5fe60802c990ebcf7aa54d4ae3a,04fe3a3d2b252e49a2ff6a5bcb86e387d31c01030ad4af700918b630c63b81edab151d43c2b00b94088887e00dc5180b912f2f8c0e51dcef8da28b7c9b955a0a90
3089,0xce54cec8c72ad8ccaa92d7f790a812186bdb375e,04c2a64cb83b2678c37c7e667bd1d3dec7064e51998694e836897301abc8617a46c51b2a1dc126c0cab2e8467420417a407bb78a1555b42a1c3bc5811f5fa0346b
3090,0xbed10c5e33d4400c57f828f12a70d101f49434b6,04fb4aad2406b954ccce201647f82172b4d79171d87d1a1252000e516783df03c29a8170636c3c8bc829131e3af23bce558b65f4e336f0b26c94d7a57753501e1e
3091,0x0b2c470d125ab80ab943c85f05c1d37750da0914,04e927cdd3d313540618b8961161f4fa88f28661b6fea9e701731c9d90a604637698a88609fd99722cdc627195587ab9b5811f84185cf78de4c014befbabedd7c1
3092,0x58cf461f4c269d26de262da1ad65f4f689701763,0466300b558a83be9fd2d1843675837bf57204066c61d8fd1e76db9fede8fe1bf783c24898db058b3acd90c132ab5bd98021da69e502433a03dc2f422b051af432
3093,0x700ecac7c8a7f6dbc5ffe183d5adf837da25e88f,04b1a7bef9229806ccef7b932e558ab782982e29e9363ab0043cf371572fb0e154ff5c824cef2aef5c0281843ddbf91168f0e0198d1175588e5ce5796817e706ad
3094,0x28b1e719ea56aea8d1322892df03837ac69b2d28,049e9290b782609921560cfa16ca13713ba58a0343125997c11a82e29717f15df511ae504fb11075bfd21afdabbfda723185c2456ae35bbeb9aa7f4979f5824734
3095,0x9f906d347a01c1afd895996d1f41782cb58d56f8,04d6446d57bbddd9b86162b9ea8f1cb3800ea8b1410d73aed4c799114a438862fd4598609864c37c9a83034772507d86f61d2284f64bc43fa03d84e50d990989e4
3096,0xf5cf3d6453213bcfa3089028edd27a9b739dad40,04a7d45902343d6f33ec78485dadd4deb474f92d5c3a4efc2f44ef3e9b55c2e35381b966e4e737f4b9e8c9f27f38fbc69165d59ef8d4ec7a432790d36aaaa2022a
3097,0x9d4174a3cbc4cedd3f8f35cc4fa1d15613837308,0465ba208a69da4b8e53917d266305dc49ef82e20fb2d88dfc2ae6521f1f41dc12478b4ebc0d0ac29cdbb77c8014774960a659db1cd72c0efb284cf9e5682fe8bc
3098,0xca947e2d26442106783e24f621d4e3a3b500c335,04ef4fbe6e12135d2cc47553e8799cea9af1179b6599868ee7fc197b48c6a188de26376c923a6ce6306c8b6f8ab3160bf4e2ac6acccd8704928043bf1b6f2968a8
3099,0x665d17b94f28a723f568dca62db3112a1b7d43a8,040bedd2405d579197feb4842691bab2fc025d131119138e19f3aae347b02cc557759632958701dad8c7d21c9b75fb91a6bee77aae1511d24109506ad75b0e89c4
3100,0xd86d871a8ae018b811916ba09d1e4c8fa5ab93d6,04026ed288cc9fa96847017f486434a141a5f7278d7fe549b34d75a05ec44ee617671f54fb50f9b7ee1c46228d96b05cf4c8dc0cd49a8f88a676f7fe19c3eecc52
3101,0x107e317fede9f4b47da4ae9a0b43f4f0878848c9,0470e1671a3fe609d42f968d604c99ae644440425d4165f025bd32ce3a755e74d98c3aeaaddcc936658dbbdf158b153137769536bc407b9ecff3d9e615201bd4f5
3102,0x64c539c97d89e65c715c47038cd1728074e1f047,04e90863003a105d0248b337d543efb7f897d74b66eb21c8991944d74395da9cf5e7d09c2537b4c4b34cd2f18020200e1bc1ea1cd5dc4b74798a27d8e4f66b3748
3103,0x5aad7fde1ea0e7c6cdc5d578f8ddaa2d9c608886,04d52c67dc5f5872bffdc9ee62457e9c8d18df4c00398b6f1b1eff8ddbea528143a5c305bc33f5d26d80842a34b758440e95f1c62d0e30b5c1e175e9069b841916
3104,0x79828846a6562186e35961f7403198a5ee04efb9,047ecbdfe298d175085d20c1e6ba7bda86a23ccc5b22b6c427a2c40100747149ba706e7ffc8cde9543818946e179595a2a474a2c213d6a043741e8baaa4118c48f
3105,0x7fe2b88f2e4858de375832fbf54ac7cf1a78ca51,048ba286ff398e23d730db0b7011f13389f6bdfd684b1e40f92f1ec1d4279cab5273960c99676a6414702cde52726ae31f6595a00ecf74fac15a524ac5ccb5ffbe
3106,0x4ef7a63b46841eb19565ef48796f18e526b31666,042e9f0d494e4c464c17d69d74a8d1dcfb7926d950d50bd457794e1d2f6d1178891def54a10bb35c2192aafdcd3a517cc1b8deabececf8a0e37f50f1314ea93583
3107,0x4ea6f117bff19d8dfa9f4c2d6065d8858eab0710,047bdeb55c2309b9f0c9695db5fa1810dab3283e988fe0db231f5d0bc48affa42fa27364728de091f97666a09cf36c9f6b62cd84c72b9f482a1a4a3f725806206c
3108,0x4fcd36239ac88e9ed08680e1720279c8f7e241d1,04a861198d3849e70026cc58623a649ffb903216c19c131a0b3b6d89f403a4a761f07360306222af7e8a91b6f815ff0dfe2713c97d228592e944fff89636ff8f57
3109,0xa56097101f453cc95d5f2f6ef814e45d8a703f59,04420c938feb1192966b22bd59369b20e6058871b4c581e00532c4d3b6aadae25bd9ed41cec6dd360e25476070174f2a996c3d43240ade20e9fac8ded9bf2caaa1
3110,0xd4bd461bd42a09f2b3eb9d93b560af39813866cc,04d7e388d12aac95a4b0d781fbd8a1b51a8babc7fd582e83954c6eb09fcc2ea27ec08cc8c3eb885c14e7d4da4749f666e96c9ddb9386b3dca156a8d07c0c8f32a4
3111,0x75e7f640bf6968b6f32c47a3cd82c3c2c9dcae68,04ed1dfac24aab3de875c2d0f91aabfa49ff2c4a958b3161e39e9ea71777a65ad3eab1d809428d0eb1219fa058d8f9b55ff9f29789d7da43686b5698a3f7447f23
3112,0x351c8ccf2adacb88ef1e08a47d3d7c9dec8ee5db,043d2794c19cca22451c520e3b11010cbafd399667da1c539767dc732cfe5c23ff9362d37650a7d14b9225d4ae2c28d905e5b8933958b77474a77db4b6ac8663dd
3113,0xa7f3659c53820346176f7e0e350780df304db179,048f621c7e9e918351b3a761cb538770c58ae423eea1e6bc59fa0137032e58f453105b8b81098fe03fed2b89d676ba2d11fdd9ac9e010c124af6e9187b029258ea
3114,0x8e36f8d5aa6fd10c784e1e5b5b56723f97f3ffac,0426a3b7ae035eb66eb28e67b13304d89ecf0b8eb7e59de5f0a70f5758fccb533ad203405f73ff40c60b1fe4633b19f3a51a8c2140be6e894e315d12256c7096a5
3115,0x55ebd8e87213302494f1c033db967326cea9a496,04e2cc4442c3a88eddd1260518ef1603121e99e832f4f8d4feaa3f7bf68e357c0f920f2389712c8ac312aab4c6af4c944ebf12c8c01faa951eb6590051a192cace
3116,0x5c3f22a608b104ef9f04260290a78532c469be80,04da518a47f00c0307b1c4ca2d9c1519f871d59f3b9afc8a152e3299b74a5e1ef0760abf163f99e4b5aa100f4c036e19e9f5aedb1a5824c30aac608749bc3791ea
3117,0x1be2ae640e82a6df2a757333cebf49b71a082d86,041b2f6e96690a689d07a3ebbf1f5d8b46afab1dbcc2f3a0459490cc218055b1287465341743cb95c901230e03bfdfae4573d904aeaffd9f389ef52935ca98c8ab
3118,0xaf7dc4731f2963144659e4fa1b487746fdd5dfb1,04c10f23ccafaadc3c67690d71aae79a266f8ee854e0f27193dc47c8bd3968b8c936227eac9ed0878b1878bcfc808b67b639c2ae9b608e169ddc81e402c7c725f0
3119,0xbb4a483f28404a2a4d744cfb27dc93bbd4a1a7b8,04feb690f9cee93c5bab1760a1e471e1c3ac6906fb2b6c800ed5d32bc262b60edf77067c20e5f3ba1331e9e6150ec92248e8d92cf254e4c7d42b171de7d6dc499a
3120,0xf7bafb3edd21c32c4dea8dcc410243b35fd9882b,04756025c0d7b574e38fdc8215af10f7c496b12b329a75e7d2463a20aa84b4a3ea86e371aefca6e0fadc067b115f90e6b4a631af643957e361137d1a2f41ad80c0
3121,0x5a492087471c31bb6451a2c7ae442357634a3ae6,046ad55fc99c67ce267335ce32a2fcffb6d8df187cc0b76da16c2a3ec5c82c2d45ee143d46b7e9546be1a845d16308ad49c10141ad6f5636538ba5b916fac6dbd3
3122,0x98cfb2e12c037ad319fb0e33a0db7687232d101d,04590d95362cacdd5adc5f8e3d8885d8e2500beb518d603554e713204f4504474e45d9b43ccd0413d6e6fa5bb0940ddd13d4ec0560b972ac2bedf8c8dd0aa0928c
3123,0x2ccc1799e60c78fa23f1c14df36b7b71b0101cc1,04106e20404dda0f5862f00c42891bedb46cc15d8baa491d64b62889af7f64cbd263811861600776657ac3513c6797e9224bf5469de588e5469232e3ae183c3052
3124,0x94bc7f7f38e3fdd45577b6b5f9d32f2bb31a504e,0456d27a34cd19aad1d2690ee53bab33667ea2594505783815e282655b1943039e2a75a043413b5dc2aa38f78ecce81e22b958faf68f93ba055b50dc33093bcaf2
3125,0x5a92e4a4951b26540179b8b4033b8912cced73a6,041d182e7732b21668f13ba48d66e3b6ee82e9a4b1d413e47a9f566ee07bde055cedfd1fd571a7e7837207c99705cdf96cd022ace215995860e5ac4a457117f540
3126,0xcc8785d173a7126f050173defbb5f787216b996c,042c6e143175920d8356257235687f87109811841ce2abaaa7a3ea92af7383dd5d18cc51d979a1e392782d088e67903e534e50b329a76f46c7f2d13127fe0b36e0
3127,0x0ecf3a5a741a25e4f154131c529d3f1a8e66ea83,049dc452ec18c119a9cc656e103c807c7a3033eac737b903e65b8a5bf2c517455508b11c4c43d461af69a658b6e3527d5a25e9201162e2d77ff36fd83bf50edac2
3128,0x929a9c90d7a7683f7b48b763d56a66b8b81aab44,04c27cb3eb8c3ae830ed2e26c6bbb50e0bcaa53bc02e4d0cad32e094814e929489a4204625f088639e8140cb1e4555af2dd036ffdf82c20ab89aef59091d994f44
3129,0x6d6a78b99ec57b218ffb0d95e9e0966dd2b72495,04eda80b04b16befe18df4671f49db04c7e91367c39276497b8764ce9a9c62a85821fc6c6bedab50dc442c440068e2ea345fda42168d685a09a0ca958650c0eabf
3130,0xc1dca5aadd689162ee497027e316d7a374b7ecc3,0452d0a82519f74efebe6b8b46c6265987858a75cf4eb427898438715861791bcdff2d0cab2574483ac86014dca799a6adf9c0893c850af0c53d392361e39b6011
3131,0xff514614dd855e379cb453ca32d742361d809d58,047f5870fa4dde408a90fe39234ab2105e7372ccf9895089933b1aed749e35a31a7cd8123da450d56b541278ea00a2259f0757580b2c512c6695cd6dbe82797fe9
3132,0x74b7822c5897965db106e52b84da157a29a308d3,046509b776d1bdf49d8608c75282b6bc73fef3c9f57b1017bf6d58c8aa342f51064b1ef64b0638b6ad155ae25136519f06a7e770a6eeb16689db7a3f7e3b958b65
3133,0x88ca3e141f8b8636990efe57d7e64d84895ab025,047674802ca729550da74fdab460983270a70f9df052a284bf2a43d8a8dd59b34e38e9025f8c5bf9d9c99dd50a8268b350fbf377656f61e3fef31c5ca34f266e6e
3134,0x9e9cff47ee155003ce598041a5f008f2cca479ff,04a71493f8407373c7e2c23efd8ebb93f4afba26aa8e2c6d0ec082605f4cb8fbfa59458fe882e99cfb635b31b1ba97706c70491daa2fd70bf75c5b83e3849d1f4f
3135,0xdf00f141c910180ca766e94801443bf08841adf1,04eea5362a86faa040d5944377f62103c3e5e8d3cc351f5d93a615bf1891465c2c5f5b43eb5f3807ad507918ec31e7cef7ae9ecd55e895eb6743ccd2c5587af6bc
3136,0x045ea3b386e59457ac98567b9ac1f1ccdfca3d7f,040e777c19c39d3e4ccdefb7c06724834d220db03dd472d22eb1eb3fb56aa1d33fa5f3fc2f89353b3d0d153b5a2f57a8a24bbe653a217367398cdaeeafb2e3aabb
3137,0x0748a6045c8b5e1f2b2096f7e977b67dbe6d1076,048bffb73d12e17d89f08264103b6587123d27ae7ae29d3ecc794ed4fb7e8626a36a9245bc9d1847a55ff3183a6de65588a9e23caf967fd5c16b5f67c052bc799d
3138,0xb10560b8aa4482c523f36c5d1db4b9978cfafa39,0435151f38fd348a470396a147bccfd07cedccebd2459f425d3c54bcfe281b233f4017d181e06c3078c60552bb844572e522f522430f9b863b52478a89a457aaf6
3139,0xfb1a7a1adff1f84b7695b4dafca6384ebb49608b,04a33d616ac70248c1e35366cd2e2f8d0e44b055ec7ee3d3a03d277ea4f470a8e9e0a2dc1397d9089fa1d899fdedb5bdb5d4226ba3aa880f103bb6542f62f1ab4d
3140,0xd3daa4063bdb42250289495ca0b273e28f37381e,0404ddc19de2ae46f69ff3adae5cb1f6150c1b5370346c3860a8a16132ca48e458dbc3f4e63fa9fc3f2b65299f133f950de01d9319ccb4dbcd77e71071147acb89
3141,0x6cd62e1d5191267ac7da2743d6e4714e299fe0f2,0481063c45989348486f022e80ec8338445ff6d08084a2bcfffcef98e168e29d30865f119f1a1cb0a427afa06f122f6ffd64e797f164715a56694aa9c77dd0aeeb
3142,0x1761fddde3c70d642713f62761a9c14539a21e98,04dc284fb43267121decf0d8761f60da9b385f85eb1b104103f3dc36bcb68f2e5e0074d025307c3b4fdf228cbaeb520406ad4d8170af130b3be3a222fdd38fd3ca
3143,0x5e47de6c030fbe9ba359a5645172bc50e305f396,0431fad0033f80050d8f6a21aa6e26e9cb7f52f14c49802fefa9fa537211e3def2dbc5fc79dc83f5daead280362e026e205aff3c7ffb4d2da87d242b2e0225042b
3144,0xd82f5acd05c996a9651cc34e5797a8baf714ec39,04fad16856dd3289c448b41f95c742febba553e9dc8d857a084723fedd7e791ab15906c9ddecfe41a35a5f89b77dc045d8e5c37074ffc81b45423ef874917b2496
3145,0x401f79382284556b03241361e3c042b0e1d95b9c,04747359240609582a120502bc6cb0fcdca5e8d39452b7325848c60209e5a46ab2ae00a24f45353e7956d75b362e7b76e5f8710abd4ddca2aa90c6e1ccd7af91dc
3146,0x496b9710fc7989ee3031f82cb9b4a2deda9f4ff7,04c430d283aae1457961b931ed9d1a70b19b3352749aa5b04a7c47ff1d5163866634835901ab7cdacbeb5eb7b6c15462a11d20f37d232a673ee8a932a94dc4153a
3147,0x519c22b63644f18c5b57fba9d4f49d6041768315,04e6ad5d709f6277c6e56a3ac76c7087e847e5a22e513ac2c084909290fb767bbd68d555d4df2384eda118f11b66a04b3533bcf6f5803042fc511c178ee9943d2f
3148,0xb0f8cd178c1246b9b6d13e058d2eb0cf2e453cd4,04da5e468ec763e538bb8a196ded302277d2a3ef5d3deefb149e112232e95b4d01c5bbed23a30d1e7bcfd8c45834c671bf38d93e324fb8f8a79e685643a7bcba37
3149,0x46ad0e42f34c84a41baff7c70d36765a2437af5a,044d94831f1d6bd07d147f7876383709fb9459979a2ff3877e9e4862ec6b74f36720f5afe23d4d3c0a07474cff68900a45ac46bfce86aaf447495899416b15ba71
3150,0xe6b4ea3a8897512a1db9ddeb38f7112be81358e9,04ec5d6b898330adb297d5588a4a4e56ed4fd0d15d7b6ffde3656d8ccd55c7fc2795348dae72fc798654f64fde98d38eae8f1776a3a310f5310184390a685cc3d7
3151,0x7879ce01e3cbc258c8c1cf2adb207cefd6952ab9,042a31fd86473dfc2b513e4e3efa54528fcbde69ed8c3b4d315f6fd38f7f08589ec8b6fcc5a96becc563befffc0910cc07fa1557ee2ca78e832127c7153d9ca7de
3152,0xc5d64c18cba66cac6b6b44504614f228df765d55,042df3327195574930a2dcbfa3e4e2f2c4b93ec68d4d1a5375ef1b1c241ceb44204fe24641e05cfea9864207e27ed1510d28f3cf9e2baae506c1ce05809a2ea03d
3153,0x4e4e4f24b2cde1692855839f32072b8deab1d3bc,042a16c6ee8794656a3699d61dc1e81cdb81841044827a68372fc29ac46e484d9b71903edca7035e6e1b528f928f13e50d02abb960f3e6b6e7a668a32576bbb95f
3154,0x882008a4f1181ae81afba9c54784bd55951cb453,04b900ecbec6b71e9011df842ceb3d465b7ff77e5b8970d24d35f59b82a42c683e03726e9ff7a68aed11675ddbfa3c290b278e8dd4c6405e99e8a1f0aca88b5efd
3155,0x801289815ef82a4953887e827984cd6a59b8e296,04543ebe9a807a023a272899329e19747d3b18ccf1c9146a9c182975c994532ab2f9db32b79f684ea28782fa44d350b08f489fd5ea44da98d2bddbbb37d089b75a
3156,0xa95350d70b18fa29f6b5eb8d627ceeeee499340d,044b3b41fc1f354886432c54649761bc69ee5322a662b832403efcbc06dc1af7f385568ca8f6ced6f1c0c4bc41f68053c703fb69070847d4df116883ef8842322b
3157,0x76f72b060b2f0a702f5fada34d005578f3b0e8f8,0456461f48b45b894b0c2a944239469b72665f53e6d8a2f319a458177b6e54716b39892bb35ba8744c32b970690a596ea4623bb36cbe325de028d39a945ddb7321
3158,25a8d4ac6d038aef9917b8e659d16e300785f43255bdae6485c71db24b04dd00,049a4a6636f330dcdb886b3beb58dc92d11b8b0f283844ec98de5ee964eb6b903ccb42b7b2bf6dd323becc9916fd6a39192263fe34b1d75306bee97987812d3f62
3159,2b62c7ecf6dcb1a829bdddd0ab1aaec43a05f38b69727a54cf534e8a105c7588,043df92160efd4d4c5f6387e9b467a256625e52d34eccebc85303d637ee6eb37d859d83a0bf08f0dfd6b7553ce2017acd082f9dc6336398c8a84099ab86681fb32
3160,ef0220f4a72b9e8e9f91488325462190763727800f7e284c917d9457fa78420e,04bd551b874a185cf7ef87fc1bffc875dfde64a72aff08b41feaa444556258d3ef665fadb46235d6edf9cb9266c7dfdc757ff16aa1cfdab7b9c6f262f4238c1206
3161,9c2b1f417232846cd2ca2c98eae253c450419d6abd558b8ff4fc2e7d480f8267,0422f4fd397484a87917769ffa0358cf54ed99fba689a72427a86dad7f777dcd383cdbcdfdde7f64f5c6e3f88faa5b91574713ff8d3052c1e9eb13abc1489cde82
3162,7cd5da4e6e085021b6bd6ac88b0630cfb66f538333c576d427e8a7d4b7b4d4d8,04d6d2b5cf678bf3dbc61b13001595d9051eeb5bb1cb768735fa9178db9903809d26b6c0da24eb54cf4b9a2671e1e9d1f3a7591289570049eec30fb6758d511e1c
3163,ae347b269abf0c5c8dddcbaeac581e3d3c41a69932d2f6bb6ad1d75cde969671,040b353887650b6994b216b968100acb8245cd26f82bbc062823dca63714eeef5d2811204e799012dc9c7ad3d170a0003f826970f8ef46daf3b22d51cf07079362
3164,1c295c0825bf0048910d671ebc1a768e750863825751c5ba0d51226fe6cab61b,046ff0ccbfad542d876fe631599dbf0ed427874c040afafa1c300a19d2f533fee46d39fa609abf131ccdffcace0ab009439e47e1797ebc783d07f2f5c97737f690
3165,eefc646281152a3442b43007e26c9b671960cb3480c1a19af1c219162939f8ad,043966b4ee02970181e99592cf890152078b10f356c3a538e1df474ce06080160cf0fb42e266af443b024536f6e53b25f1c2b562697c4d172ce6a0cbfff0df048b
3166,22b82406e00d9273ccc32e558d1c5ab1b9dc113c0a37c070bc9cea1931f47a95,040de6aa640bc9ece97e93bd886d6ead319c6df569c82638047ae3f2e268fe9411d13704c2e8d19d7605fddb4cc184cc3c4b89eb88eed1e46119105979f1557353
3167,23eed8e97cc9cfd3677b6b1a8a857ca9c381894da7eaf97ea6454948e3a99b49,041841881cf9b92408b6e949ac4d850a18a45e2fffd195926e471fca49c825400fd87695ff41a3fdcafbfb14f2fcf04968751be4d2da431151dd0b723ef64cbe4a
3168,9d04acff33ed924853f9c2f5a4ec86a1525118e41f2d8a9741b285e3177dfc98,04df2bcc489a2fe30aa2de2c51a55f22cafcb333bf5c3d2e1af35ffc7c60f4b81902bdc8104f0ff9bc00840bc279bc5344f8b9c720940cf861372841a579d83f4e
3169,7ed5fc81c251d0cf4dd8d6df6338b963f5c35ff63de6f49f96b7b9e8835ec619,0420a7264e16587b365b272d602b5c16846e2892bcc86604b14d86fd2135ccfcb6df043e5fba512bb981c1c5ded3a3acb32cea465ee7d6f5d581ba676ac508013d
3170,cef7428e631d125f3dbef6e44b6f12a2891b6604ea445e1440d5f49fce4ff1bb,046ab014de6312cacb5f29de3dff75b114deaedca9f76fb4fa2e3c829eea837b40c728ba6c7524ee49e2a284e2ab7759b74ea479b79a2ac9af0c2482bb21a04a9d
3171,74759e80d3e235e4c18a4b939820e2949f61c68d7680d21ac6079eac3c9b3f0d,044f6efa593ecdda1dfa71f1b543c5069df1d8ca37eec2948f713cd82baf251c1487949df4f724843d33a12f691ee7936c2d98322cc778c8ebbfedeab8fef0ac2d
3172,70bb157e3d0c1a00d9f18d7f933c25486799c5a855eab5d9e7d78f6c1a9cf26c,043a3d11d96716918b84754054d43e75609922807372d22bd1a69f73115bc58b5522c09aa9f6dc98ac335dbc1d5465cdf706ad09556b765441732abe77e3de3a16
3173,c3d2aa1a106fd7cdd77f66935687637b41db47445357f4e00bb509fb1d1c35c6,0426e34371f0c0b360b48fb8b5a00b995ba5398a6c9309e39030a405cc580ffe5b365c7cd062c5ee8f6c6bde813eb780df4a6260cc9e70ae61f9965d70ad5eff49
3174,75873e6c23b6b3575d71fb31a9d70b7abbb7bc9ad0c914ba8a1108e78b597231,04c1b6317bb1b718a13867632ada813079e436c07d3eafbf27625ba2f727df524849e9cf3289becd29ae4fcdffcb60a976174c9e2a38871b61daa95cab594020f7
3175,dcb7e717ee902a24b5fcaf8b228f0717c764334aef59ea3bc3ec8f3a766bfffe,04124d24c7aadf085f4c75e09c80e5295e61e78c64c78c2965ffc7324167857274521f8a749c72c5a5f0f858ed50fd961e68bf883b00e2fd22395db0ae40057799
3176,66f31c851f58660720244d4327a09b703a106ed5f1c207757caf3be2071cbcae,048b011c10e9d0bf13bb2b0a1c1eca8f8f9e4c4ca02428a9d1dd34fc9fa862c27a8555718a4957e84e07fab4427442f1bfc89a21f2804679d0c3f2c73212384c07
3177,97fcddeb878ef4680ecf376d9e2c6349fed0fd49f4199dd1f93ef33eddd89185,04971d0b696aa0a5a2d54ad6d7617955321323db0bc7120c65b3664e2546152ca29be0e124af8e4c51925b7361c8e858ecbead22e862f161804b472e325e8ba60e
3178,38373c51385910cd935fbea5151f2bdb99feb6ede8e35d8346b0006e6fc40b51,04f20d022cafef13005f3afd89a0a610911009ef61714562f3c2ede568754f31af90aa957bc54e58781ee68fcd95e0bb2bab5875ab669b570415c09a034c130ae8
3179,7ccd8e69facd1c660dab57bf24e978b24168891ad102139f881a62100ba23eb8,044c709f2d289f4905c82e72355d3824f95da21dac9c9cc37bc6e78b17743627bcf94c3355b2e74851cffab3e3f19a69be57a60adcc560e226770e01119631c843
3180,b78f1e3170c2beb36971b1f1a3ece94d98337dccd0c76492f6cf035434b53eda,045738adb0e3239da44c82c1942934707226322b07bf517b6d95dce75d85850236088deb65e08ade2bf11571f707704940d0c11df636dba95a1e11873f00cb1fe5
3181,1ed58f7b9504efd02d779db9d90810f23d39952f130107a32c2bbfa325079d8d,0430c34faa7c3b10cb359345e6745328a058d150a3d4632232a45add319bd598bf34bb722b9791e034ab24f73dfdb74739ab46821437376838ae43d54030ad536c
3182,5b1aca61a777193bf08d59d1292f394e27025d1651c0ea3e42ea18e6819b5576,04b2627e4fbaa7c0c43a0ee53f160a75479d23e139592fe5dfa53a33364a24b3082dab689263327d4d9350de24fa82ee381bd7a71f97cfb15ad33746610920df3b
3183,e10eaa1433cc09ab8d3a7f1daa822fb8c4268d303e19e1969d6c711405afd56a,0468c77852a83b6c0ecb4813189462dad2aa8e073089a19427f58d403ae71983923fe2dd9c278127faf4bc8ba9ba5df27de601bc59de71fc020f938e2643da257d
3184,3b3eced36e4964e7cfd502597f5d59f9c35aa1411c8bd7864b79ced6994cd26e,04eae131a9d218cc84cef60b40d7c4da29026cecf706e9fc17644850dd71e1704b100dba726750dd920c2a91a4868e5772af36bc00dc32124d1ad02cbdc1520fe5
3185,8848a9314a509a744079b92670e6067e18371a09a716994dfd8d0c0b73e1b4d3,049f2e9b7d1efb38f5b95a618f03c10a32de6b0fb52c8e947730d66a1890055e93df000317abf2944856136854b9f1d199285e2285ac5d8d9a3f2dab393d2a72a8
3186,5072a7cec9a2c2f259cdb04159891b06ecb4fad9b2d5e5910185d5aa801c484c,04a2e88c9253e5a740cbf2be3eb3cdd0a7f46d75cb14b7d9a0f96e954754f5105f874add7b11153031b5d14c852b73a26b688d361188c0b92d32dc4172364351a8
3187,31667b1aeb0b78260e89ef09a862d9e2a0ad093813ea967fb40fb62a04b0ddce,041015741f8704d4bea3e2dda734c88e6362f5601ef3227535e6e699f56ee558add26b6100f5793227df472169b1990e5fed2d8fcd45a84c9d2c0e9cc3327b44ca
3188,645ed876496263a589260408eb32169779a7fcd5802cc478816e4f9e600f0397,04a20a877a86086e20b38c632577b133a6b9cf7a874d12a8d26c09a748a3c648a8704b5b5c3a59061fedea345b5c82d13ffead8505a87ba281e8acd50d74570bd1
3189,d800b03716c9be905aefdc8e660ee5fc548744700ad5e8dc6637a205cfd75409,04b2a484fc1c5ed83fcb93c890474dfedf9917bbb708c7fc3f5aa5a367016dad3d522d6ccb4e3d986d28b681f09447893201359c67f18f5bd42655ecaf4200e58c
3190,ff966b6355be5aae7abe29e00233845095420ac26fba94670cc9ea0805629721,044b7be0cf39087e314f765c50adeab1674af9277adff1992a31847e026175760abda8d2c9f41ab8772bf03724eb7e2ef7409ca85f9e5529ff4975ecb3a8d31f65
3191,2a5caab918d942c78b7bcfc7ca89be2f2d5a800cb53d220f0d66c711156a9e35,046a997cdfb8fc8f030f0495766e8e238e7de0d384ecef7d251a3b56cd4775ad3d99f1a1695ed1a0272b6524c9ee4eb1ea0fda9711f09bc0e9f800f4b7f6edb406
3192,eaa2e887fafca3d45e191269f5d30c76a1a803c44b339c7d4848b4353ccdee00,04b224c058402aa24de3e3cb3ea67394bcbc8ff5b143df1f5cc50ecbb58566fcf689c5391d1f682d2180d349e00bf717d37942428c71704ed1bbcb8ed5aebfdc77
3193,396cea30c05fb94a6d5a4ccbee4b338a346d84072a3b136ca98c03782e416851,044f3b3922243ba9dced82e573f9d18ff44ed0cda83e5873848c2754090ce2f38b74695021b5c6cb01f9ea520fabf5a0c5361a55f4b7ed27c3c60ade0d6d1e6baf
3194,109fcb56738975dd1e421af7fe809cb3ea8d0ff8a943438d4db929e147c83d8f,04bb382c39acb4f1ae3c6447acb50dd29fc6d8f981bafe6204830653c906c83b7b81c309f4c972bc9cfd784709aa6dd7b9b69641870f1330d1b5fc8a1b9aae9b4d
3195,3d70ac7ebc7d84770b5c205b3f7fc209dac96119e8ddd4cd723a26f40ff1c6a4,0446feab0176ee259c405bb4c64fbc13f1572d38cf9df9deb3cd719cf4dfbd9c745312af075e3eba3d649ca5b6b0408ade6f49282b6ff6a6c210b21fb484576856
3196,dfefcd1233ab53be12fb1f2d4c1ff47ed57049dc07eff9129c90d395026bf8af,0415002aca1d5f09fdcdaf738f9f9595740d64de017ef58853507b526d5e45526bbe6bac7149f3eee93fcc958d78a9db9963b893b350ad5766f085e95705750c55
3197,101d0780ad31b6927b0365b83796ac21e40de41e23eac5278f8e3d5d08de5b02,0495223eda88aca50b6ad23835360c3f243a0651101fd6a72463549a2125143d9ecf13a20fad9f8bea8acf0610427e55b981f92c4db13c44a89d1f5059b2754b46
3198,9d1f93464881bf35347022459b8e1ae5313a5c3d028e8aa065b97b8ef3872383,041ac96b436f7dcb11b7abe5185597a45592997554aed8abf810bcd0aee0c54e2074e1507e3884904f2ad1cf7ae62196ea4634b497e58b7ed96c413cbfea513c9c
3199,9ef6a7bde2d06fca2ea4cbe6dcfdb6ddb0355905050dc5e292166850eeac2922,04ad92b980128688b9f8f16408310ddc022f0ea3f09f131eec65dc90157bbe9f92624030ea872d3e8c2838fe7376b5cdbd57df426816cf5690f339b7c87c11bf9f
3200,cc589cb1e5139c539a742acdb7bcba6644e183263f8ca22925360df831ee81ef,043dbf525fe3f3e9ca8ae4b059a94d78d02d0d5ca63f1c6803bd897008a0b6b9fc77c539c529d022f84df36389a4082e9f578086bb12ec56a1b599126301151bfa
3201,939c48e302275617fbe740937631ab6a8e6475c70fb35fb0529c07a9494c98e1,0450e5d8ef44ef06d81f2f25edbd83f7e4580627644076cd9031f9b70672a82908556578da8d7c06540f97ec84a54e037c34b9a95c9e7553c1dd1f28d2bb46b5a9
3202,a07845b7c584f29ec95b0cc3db18aa2488c0d06af9a60d35a302cd1f2372ceb3,04daf1ad1bccfcf9f3b66da853149a7df09bf94d203c8c9e3edd08ae79f65172d2c1573626ae9e14eb75353e99646e6727b89989ed25b5d2c0a01a0dacfa83a8a8
3203,a1bf7e29e4c2a903c6832f3fee1c10640f24f5c55d47ef25f2c4723a5a98a719,04fe7d5929bed24252e167c1a8d5d5c40a9ce1f4dc8b67f188beafbb3f9976e81002195c7a05856dbbaac348f7f5e43bf350137d456d42e7a393172928a60b0a59
3204,1c45149b4dbaf2e4beaa51dff2c464988a8aa0a752b84de7bc0c374a912cc536,04a34570f1c023ca72e8b731848592b0f5845676065fbb6756d87c576120b7b3429053ba04af7aafac6bc48f0c3a45a84170149f08b4b69f9b262eb9884cd976ba
3205,f026bfffcc21d55177e04987e537e7ff90ffad050b1f6f3b10e4982cc7203630,040bc67b2e179687b5e3d8a31274fc6435ba9bafdf51fbae202e57e44046805791132fe4a07caed3a3af3460d8ce9ace103d43c19c719d2980b00757250a40f24b
3206,1770005a16bdf61018c858398a51d42ed82fa7a85edd1d58c4be4efa0c186038,0456abc4b0b75df5170f9b1c4461d6a4b06bceaf4e77007a961dab0ea75b412424c73b581992edc81477db19c8d8250b029e6f313c587e57019a32f8664ce4cf6c
3207,4b33ce6912a772dcebcf12fb152ec18e42d116e3abff85f4dac8ce0325569de3,047d2870438debca92a637d16f2ab52a82163599d2a5a7cd7b3ed69bf8906fe23a8eb472f3ad3729bd141bff9c2339aa42ee9829d170ae9712c5bf86d2ecd27bcf
3208,c162599b1155ae18afe3c362d9b518784ec8b0fc822d7466982230a265065cb8,0410abb27407cc0f4c1bc124d553baad28f4df0ad0045b362033ef8fd6291121e8d76cdc5feb55ca99fcd56869b500dfbbda9c345fe43646e5e4b120629cf1479b
3209,3826f640324872d7f1609eabe491dd0a7cafb846c5250f7102418f16a566a0af,0448f2f0776540cc196a4cfbad40c945d50a970aac8fb0660dff57870863acb70713c784c69fc5a8952b8045d7e75b6a1617263b2c81ca8d99ace6cfd6d8e2788e
3210,17c255da943dcd84b585970f06a96acac49c28ea95e7aa7f24a7dcb27b156dbf,04adb7d03eca9be47ae0099de961b7a4da36381fff3a89645a81f8d1029d7fcaae11bf8613324882d22e07c366f7e8f0e66e472bf0d0072696d1ce1d064a886a9f
3211,2620a824b69db6961aecf04f8c7242ea1b6fd238eef1eab3512bef56855eaf42,047272a614e6129b36884ed433994b11afafe88338eb2bc1f962d36b4dd1d1d21e5b74c24ce1c98e3d067ae5045f8f0a0338f624d37a84f36ec1820cb9cba395cb
3212,bc7560b8c6bc058bedd13e47838929d41a1b1456e13d0ae2bfa99cbeaafa1e6a,04eb4abb4c779f35ae119fd587c21fdeb27190fc9c4feea1082d9d604e03b74330a8af90a5037aa384180541c6a0f5c7da64c75b2d95f7311e2d9dba2e7c16a7a9
3213,92c61f834d1865799efd760934ad530ab46f0684ce0ed8da8fe62dc93fae4d22,0432f9a6829c74367efbb1677d660d208ee07c4f3b73d4ec3bc8491e1471d8efbc0c44c21fd66b4fad8c84bcf049fec376f176f3a35da88173c40846f51500b4c5
3214,8da8a566f7700196d4efe7d4ad32f52043dc2e8e6121a6c5afdb3c8019042491,04a80ed53201a377242424aae73bc6867234abb7372880f44e72bde39c37b5f2d61b07a5c0bfde11e1c73d88beef975ce7398f3b370b29fe729a04e29fa4044876
3215,8d747018a33c61d229fbd6e422a7e91aa76b535ad4528460ae9b621b43d9b892,0433eea17189394c721bee6d3d8b3bfca698ba35de838db4ecbb2888b4c0f0d8e3107137d68ac168a82168a2616bc4583f5584985148e54590a619cffa19932089
3216,f1c71838b5e729fd3f82324bcd44c78fdd9982970ba13a62f18e41bc04a3304a,04406630a3c744d1e31cd6a5a10cbcafeca7b9f3811a6f3949a5662260c11fa991f32bdc8ed19b555e76277d92f06f2189b253242b44ce718f600cfbe7b2d7c826
3217,9d49d43f9b4f97fd881bc6bacbacf8839d769ac18efcf9c416b155fe0e034bcf,048eac23f25bc2905f680284791c743386ed1319e59684f7fd2190218683e49ec991a5e3ec4ac72b0a6dff462086a040ba887c76b9226b62e78db254a7faaff131
3218,7463b46d5b3d725b05737446e00842b515fec3bb6c613a0e1a44d597faaff865,04dc82f8dc82cee3fb9a58aacce1f0b363364c07d93a07803b0dd22821cdb7c90d82d03c133e7de3ddda5da3bbc2a3dcee6431b26d4a92f3582101befe177a98b6
3219,affb38cd43ab1b9319a6567e10cfecf1d268636cf1d18a1ac1d96bae137e6bae,043c810dd714bb0b1df3847c4c9829f5b68a4391453dbb67bff6f5c3730927e720f55d4862f6e4d3c70bc1791f96911f8555cf34f9dd4642150c1ee58f02c3c547
3220,e829395f883ed68758e2232bcbefaec2f0da4efd9e40a2101d23ca40728d2e66,04c9c043018b879cb66f13098c436ba7eb715f6d28c9c46f260711a162dd36ebd8ce69439e8f9b5e61fef48e70f1978388d2f4f8b104a2a9484be344a340e69f57
3221,2c25a15ce998fa76a9ffec77a0c99d6495dd10238ade852aa421789d65eaed5a,04c794adeb3f81309f7077f2eb9275a7fd8391201acda50fb9746b4e43a38d1b69ea48542cb0362505374bb8d5b82325d1660aef7e3895d28650cc7ec310c644c9
3222,351d11804adf96d783193bd72db8710f0cb63d07437a05d9eb6538a87dbdc6d9,04bc8500daab5a6b48e55c3ccf46a2593c53c65fd6c9d04c93e7129014740c7902102861fbe0a576fb2f2ab92f53305d3c8bdc8e061a0c68e7ec553fea3d6db7d9
3223,1db41a39dc8a6c79e5afff096bf525bc6d5a02ce7a01b0a8f0c384b703e99496,046743e15220c66652299e9807c0a8d08b26397351117d19c38f35b01faafe03836ea4c0fe94dee15f2ce1cc492c353838fb0a74ce11a57345fb2b9f266e89d20e
3224,46f817a7be46b68574c83b206b283dd02eb03e13b99c937715b90bed29511345,042c7bb05a41b0b9768b1da610a344a984d98996f75f8e8bac5166a5096dac2b573034093b4756b371a040345f0e2e815bbff963cf8fafc3af342afaa0825d778c
3225,418a6900959cfcc0fa926197f2724a405e8dc4da82e35f2af3dc9ba7d9ea7e3c,0413f78e3f73af2f62a6cc272794d5d26fb3ea7c75d7f68cbaeb465af5c88742c45560921b3ecf43c08d04a639d3175fc478061f485778bb3262413888918e4048
3226,cb25e538e2ab90e76eb7444aab5b093eb8f39275c48a30f92b3d459503e59792,048516b0d9e21abe3fefb975cd6457c643334d21c276b6a8fcf150dd0781731ee098e587d243aa74d6b7ae95753b33eb0dd7cbb45f34805852a842012cc33caefb
3227,9844d9c6da3c6377bb5b5f43cecaab6e65950eed6693d59a850d918f566c1ca7,0430004a1048f8aceca1b027247af781ad161579bbbb5c485c122935a7d9d9dc5635cf3ac6f8290ab358925b89111447e6668781a6231c4ad83aa3cc0b7820f971
3228,92559b7367ba5482b3f1b212e91f026e439547e261e391e329331e78f78b03ed,04c4628afe4c0d6e2f8c656261e1f774156efe05c6aea83c01d7d1240541502f18bec693b925b52ebd22807d64df264c3c5650e6d7451671aa94f7aed63f8dd0f1
3229,fc8669b72fbc4b95281011b1f5be195c4603cd3b7e2c3aa7fb2dc75572bff833,04965ccafbb44a7180a83ab178dfc8b8095aa1f334b125f848e4ce18dabbf25e4b55c5d168ae1f10413b39fe7abb7ffb2e79a9543364d4ec02b04a182dfe1d5e53
3230,fb1ab94c915bb84fd8f9b355ba749b4c4a1cb1550a899edab3ba94ac6cbd93d4,04d03e37e207906296561320f327a5d8b6b62cfe621af2a70d00c9f296a45a86b5ff8dd8c88f93111f47c63d24d6297bd31c1e6fac6e2ada3a2bc11b3068fdd766
3231,bb33e8165ad895bd9b273b151dae19badc0d700dec57e2eae0b4c474487d2aea,0437f994348f2b9e788f5bde96af9f875851c0b247dcef8f827d648da1fb7dddfab2ceda20aea26a37dc18ac7489f3e30d5311b8b121174842f6fe889e6402999f
3232,86636c42d22897b6e2233d49d57ad019525d3a3693eb2332753985f2a567fd37,04b2a07fd846951efa798f6b6e4610d7d383e20c9878c7008cfc652a6dba9c30446aacdbadf413fc387081c7433ee556f14342d186d3e56966ed79e1edb26f252e
3233,5de2ad1cc92ae8d116433bc092450d9c0438d1660a0435d9b34dbb81cb4629b9,04414e9bcb3c5c97a585b0ea932c48264d2078946acf455aebf6a90e247c1bc68d8b13e2db5800097f7e5488258c2d3244b9387b139e4c38945c173d77f9c8d751
3234,6a3bfbdfdd5c8d8fd794e7e5b9189b0ed6925cae3dfc5d0cda6376486bd3820b,0431bd0f9d528460e1c9a064af457738fe8146f49eda1dd1d54ee369c73a293cb196303b5f6f57928c92177d2318db9bc96daf9e53824e9a577d9206b73362642c
3235,f35bd3018b55bdd3f4ef1918df314ae0ff995ca62621956f96b042d08ea33805,049c06b881d7becf089aa868d4b6adf68f2acb40e32f3ab236f14a9f78e7d0ecfe5c4f64a25579e6d6db167457678bb757ecbbc95c34b44e08110e5d1d48297e62
3236,23171193ffff8feda36c44477f0d5047c13d555e6546680e1dc9010e734fe018,04bce7e83f60df56bb838ccb37fbd072ab27876faa41e4da6d8de74ac4dd4395bf94ddceeecb6bbd381450d4e7d279e5bc856417939d7bb99f0eba24556008c946
3237,9da01d67bbb97d21265adbb91a9ae4704fe260e61665c8b8f15b00036da94684,040b37a0b16436ad059275585f0c034cc1b04be25a76498c81cb2bb9794f89d648fb03eafb942c64cff032180a50b6e851bce077a3f82dc89d9066640240ddfe1e
3238,cadddc246b897c7b7eeb4bbe4156888f609584ca2ae6fcd25f867e845a24ce89,04ef3cfa2e4ca61141ddc0b11eb546281b6a45cb73bd3b5b42c7b2d7153aa76ab348673411574bc6b8ed7af0ad54baa5c3eeed6ad9bde125c8b7168a43a9fc6d56
3239,7a837f908ee036cf07819c6cb76b175661a9c6b038debaaaf3911a523671ba02,048280a58d785b61378f62a4b51805b799baec8e0780249f8892adc0553af002f31c2a4009c6114c9c452d46386194d6a2691428137096281a59c76d62d0f64d83
3240,9dbb6189bcdf52575da3d99dec5dcff9dc3c2b7964153985cb3a1a3a07063c30,04e0342b1ed9579c620ceb078ae06040ea7bff1ad157791ad6a68f4c344f60e2d77a6cad3f033cf3880b7fc70e37537f7fd308cd8ef2498433b8118c989d11f191
3241,cd4605d7f1c20564828b4f3dc3d086e851a9c9729269895eb2e2796564524350,04447494c8841b429a5457ae11c9f16054425916d1f51c5a281cc79f1694821201f76c1ce3e7dc5d1ef74348651f269027dec11919dde889ed5e477ef22d217bb6
3242,e550b0a5464390cddda0ed1d352ba5e9bf6e77e69ac8bab7e0f8b7204ed41117,04bbb41a4fc5ce1b449665a406641f443514bd3adc4725275274e29ed184ccdac205845ccda05e3d59bd1185751ea3e8a3cb24c68d90ce12f90c92874b996c5d98
3243,fd47bcf3b5aa79956955043f860806f8a992a033b5c81ce9031427accdd3a345,04fa361d20d03f5b960f375f0c74bce51b2a02ee25a0d7b9259a6b13f7b587ab2f053c5227736a3b5b4a24d34eb4c0aafde47c01195d58a3c3ce77e06ce348796c
3244,4b01d95104d1c79e22264d57d3b19216d4f08de9a02a3e15ae9edab18cb08c51,0442f5557bcb751472c47d125e78417cb3d9f8d6a13648c66ac2e3d68ccc1026a04c8cb186875c89778b116db2884bbe3b47cc2183b238b8596be489b10927d9af
3245,800a9ce8e38b29a083648e8a88becf26250a089ec261adda2dcf79a8d65f9720,049d495b5e0f4b3870f902f95d7aa0a82ac5746cc771ab34d1944e8f1083df82d3a3066a6cc48ae65efa267ed09c21a817c3e6d960469a264231c2f6c473b0e245
3246,914ec93fd7ced0c9bc84788b20954a4ad7cd0e0e6d41f5a1025062383574df23,04b27e2029f31896ef8105e9ea07926f9fc0fad9593be611303dc22a59cf95b3114784649b3de4a89f3d00c0b47cfddfa9439d9ceb3002f9b5568444492333def0
3247,a52d35cf3267605adf325535e51f30075fe72edd39eabfd09f3571087d33f5fb,04b6dcd137c6f5f279568370b0815f73bd1be6a4a3d6e0acc5da0b717b755d02be6a9bd7f764b5b71fe73c740a0f22ec5a5e977ec2f8c0a69054b555667301a0c3
3248,fca259c15b64ae7e3a984de2747fac6b787d35603b0a63554723d93bd4fa405b,046e2b999a0f0628701852e06e4b1711fd36112c3b7150b4dea96a56a5355b57d3e7fd76a8227681298b50a38ab022ae81cc6d036f74bcd2f40f38e99e776b0aff
3249,374dd6df61e4873a688e9e3e1205e16b7cfbe7b844d8220b4a7b688b1d46a8c3,04662eea4b508c395f5accfb4f270374071a855b44aedc5cabd3da6062ecc721cf20200356e95f9bf915494c0c4e7da3f1080f9d01efb806798ce6336dba9f2944
3250,b54039940bb786150a15f3b80e20877ebd678c1e847eda544ad61431dfe459a7,043c6a1683fe9515b27dff6ecdd035d31cc9ba01fd33d00ec479575107a6c849e3f059cae1116800336145ba7c8d6fa23e52ff01121ac58bab056354a3fda866d8
3251,18d82845d42a9db439d29472f513f87d33a19df69f39087fab6f6e718ee07699,045a5f1d3a435afc3609bcb99ecf96f3af90b7fd03a806f40c1ae736ceca068fd8ee52b29c0955af7ecc400148221ccc8c8e67d053b8f7745cfd6f8ae1fb54ae20
3252,a16e65b0e1b9040d4dfd276a8f25a6d4cfb5114233394927e0a8bba31876dc41,048111b00d9d0a713d3a1e47d4678b2f3f2bd3c7eca95ffc418be89c963d65967a7165b4afb29f0281c5b118f9216b6c502ef4801d78d687b7de3df9a8a85c01a7
3253,c9473ababfb879eb547865053474a4f8b43769aba8e46d5d34d9d65e451b879e,04ea93ca1805bc00548b23215210960f69c78fcc1cac2eca69389f419b8d907ea9b8e842a27bd429a7ea43d20cb5910357003e4f14b4f6b77f61dc8749bda24b50
3254,9efc115125f17d5b41fdeae6b228cb4c358a221c9e91f9471a071fa429ecd5fa,04e3f143cfdd436d6d2e091bab15149550b796745806031975dbc4e9400ec6a34687b9e8d85d98198c409e747d91e2e7dbc8e14d2b510919c8330b39b67abe21ce
3255,72a834299f961bdb1bc2c09e9afd4cae59f572234ad638778da253cd8de0d1b1,04027daf2876adce74da51af788985370b1c0f396bf1b7f05bb869899c3dd5928bfb23cf7207bec40016019f3bf2232c6d1fb66f24232abf1268d227acea272edb
3256,f9fec1faf41a533a893a7af41d4cf9abcf430839eb7782692edfe9af21196ca8,046710ab1d3752e19f796631230e018e6c08da3968550a96fd3eb3bb6b60f5b6dadb533c353926e362d3e4bbadf294021067b4ecea157a50a6659101b66e527c07
3257,19192f9b6adfc4b65769476409ce555170470fcb837bf2ed1686eb6a61c6c093,0454cdadd9c8e77e884aec9d08914565afbdbd0b0f6d8d9f803b0bd6e9dbec2547992a3d1cd79914f2d33c406bb846752bd7c013da4588cc13a4772bda75ff7cc9
3258,3d3655df597368aab5b6cd9778ea820d0dcd64b547becdc19c1f3484762f339b,04b466e9660f3bfa906db2e46117d432a90ab7a90f5f1603fc7efea11fb78e97ed112e41989dca6f777804526203a5186fa69effd314f3636697c1137d79d80001
3259,fc43beecfc72dda2d10c48754bde9dbfcc2e26d0e36405fe87c2d5cfe615804d,044d707ae5d44e6e582bef6b39212c4d1b7e7ec1cc45411c5afc27612375274c0a947b52de28a16f1b1cc76dc80155f152ce0188a7baa57e0733c6c3f36a2d5858
3260,2ac7566608e8af3c148785909eb281c19776dd6bc9881aacc1fc1de68be73bb2,045696f7b567bf9807d8ea75525639425ab2fa8e127dc9ff93b188c46c663009d6fbcccf11bf63d3f5b6d81457dec267aa78f539906f856b919eb66c8d00f10e93
3261,5ba8b573479bd6483de85266e5a60a758204e7fcf5ecc499e959f9f3155a7c87,048d66f9294ae8f2c6b2cdd9ac3d062366cf058c87eb93582bd68d95eab4603f6e4955bbbee93b0dec2034202aac395bf519d488234745cddfad47a8dc77a76e67
3262,e3ac4b781d640567b6f9af6765ff29ebc3515da34da58a2ceb51aeb651ecaf9d,043edc415f5d0564cf7586dbb768e91bc78808e7c17e5b39001da965c0fce5c10f6d68ff0a64954ee58775bc1197359ffb3107b65ebbd3fa654affc92865acd068
3263,4a8a7bc8bcf573e1a65fbd0f79587c4cbbaf1f638b8e2dc4882c6502e4867e91,04dfcd4559a43f07e1f83db6f835b8909c343556383a59939172286bfd4998e83ac5ee48f1e550a1adcd36dbc9f65fd4ed2de883e0dd83f43af520f3d424ed6921
3264,2ad16fa6951a7e5e665577a3a7158f92c0f855e65547ae8c470de418a84ea0a5,0435e1bacda5bb92163a81ff2f09bc9231be1cef8689c61568b9a7842680898d8c0c89010ea2463c08e0d007c6a999cbd0d2e92bf8f0b4a80714f032dbe74ea127
3265,945889d4739653a4f2f8ec755b71079520b32a90fbecffdf2a161754c8824f26,04dbaf3b36e8e04e8af10d4ae643a3e9ac0cdd8fb466a7a5788a72f1805e14580dd754d868d92355541ea035678e75f1c3c5068f91ad33f3277e3ed2ef727685da
3266,71d39e392771b53741113187caaf02dcd22d0dfe21f6008789b8a7c726e14dc2,0429819cc1021624aa0fe90f69868a891efac4adbe6d1d1d3d5358405b3420aea71c7979adcb5bea8e7781fe9084886689082ff2e9c81e28d21549ddf67c38414a
3267,495344694f429dd8931b8ff83c564a5c12e0369a7fcfb72ce47ad12df4f17842,049cd8d397c8a383e49a395bf463d266cf968a9b37e4998c8703fd887b7a81581f2626207549bd3a8f9b17554fb80591fa2bb969b84b55ea4fa9669757defd0bd0
3268,2d38e108db1397b00f49eb02553b13d05f578bc35a0975cc3af58281b2f698f9,045996e1752c50d8bdb67ee7bbf69a11081c6e70e07d3618a4398d29531e69ab7dd10dae67ea0fb14d101828109d4b8623d47e05a1c2c5c306214d55e720e1462d
3269,3c89a8503e4f00732beeb8c7aaa3ae67e0b5f55904a7c7dda900abee25a25100,04fa034b0564075d96504f4b1ab8476b25bf4ced64fea488a3d25bde75aa66d24603d9b759040ced0fe90ca70c3c3a6b1d4500a146a5043d1d3de10717cb523daa
3270,44c18d3678d9d362379088346be36e0585b7de2a8ef479fb27b3b3c1c82e044b,0440d17ab428a0e0e1980880fe1fc674fc75308b76db47470ef8a23bc601666e42abf4c762ba17213006dea1a2b97130c686bee9633e23118828e568be8cc6f7c3
3271,e8fb8838d965a02c9ab50b75ace6e8e414d5b3e43db3a6111d3f477447c052c0,04ea97f74ad3ab49dfcd6161562949044d7bc1f358acdf5fd608e7e6d89025ad8212bf908c9555ac5ed3136be857f2967fa9d59b794ad2a369332a49d71e5d6804
3272,7c76a071123518dafc8f6e2bc44fdac47ca4199c2080432e505661fad1c190f9,04547439fa439763393a30f442fc3506d7509cdf442662a029f9921e58f11e985fa2e582eef6844fbb7b5ff6c34a24f3a6952af81385810e59094a5334ee9f3480
3273,4b44bee388a04bd489a37c169da9f8eceb4bf7f0f549049274eb9327bc42760b,048015d7e02238713681fd4a23cc05fbba07e3e6bfdd261727dfad54a8e7b991827e243e0b55e004ec92f63d0f32969ac699042ad297e9ad5f2a07b5b1a5a073da
3274,32cad4fcd00f704adcf8e5ded426d9b7b7eeda6d2d65dd3c02523f3816fc7810,0459189adc214c633b41caaed12b365b32a0fc6119de337b55ac148f4e4d69514633120e462b977d9e0d8f6a6e0d8f764df142d0f9ba9dcd2dadbf1c6941022c07
3275,d229e836b714ad2064e06e72f92d09a0694f2f92bf96a3ba402e470b8cbcfa12,045ae7e3c480180503995cfd93ec87b566630b276fa03b449909acfd9042d33ee5ec131e41c59b104062a51a24e58ad5bd70758a845201e763e6d1f6e95b01a583
3276,d08f11c943a618b48039aaa41eabfd0db3fe124adf1608c69139e306efb78d78,04371005d618176ff46c3c7ce7defa170e363dd08ee4cc0a0172b95539e9ca730cbb4c1c78b27356b7e9690ddac990900a9101dacdad3b87c6896ed34607c8e7d7
3277,f32a47f2bb804c1d04bec269c2cdee4896bd2e1455a450ca2eb7cae8d2908f8a,04ae1ab43e4cda7e83931a9a6da9c99ab64b83f0b4237b91b18100db233a47c77785654813b635305ab6afdf7644e8b5350211c2747b5e040a0c69ca3d00f72db8
3278,4fa113da5709ddd260351efd18d66b5fa4350c0072bb13b9b88d0645f00ec860,04ded97e3a0c26f6063e0e2326268f2c551276acdbab40371806efde3dc592008160e1bc70e0cf4eb3685913492467451c7459f72900c6e70c20c0efe1578d10ac
3279,6733c10630ffffc52c9efc1f5414003340b1546c17cbbe4cb804245b1cb3cbff,0490e1b12df155eb80689df52b4620aae44ceb07e7ef7050faf6e3a4ed3abd9985b5d9c6a61d55b5ddc5b55fe29184f6a1a8e24f70c02345f7ce09baa9813af41a
3280,5c65f723207c5a22748b1d701828c8f828521ceee616ba53b533aed81f94953d,04cc3b6a53e1ca306f181fff4e3feb6ad34aa3055ea6843f610b2c8544f085331a58ba6d37634656f47d7703abb222de219766486b64f0e4aabd17b7974ec32e50
3281,8a398f2831e8278b3459364c1a3d313adbfed16b4477c329f162fd7a1f310874,04a6e269fff4bf7b1e69d88f7e9900e60ecd733b592e7d5fed0cb6d0911b92b7319be6ba2e4ca35d405857e9693a2533e975b7da5cf21a75afaf57b27e0ae7772e
3282,48bf8dc324093524763cf37ddb8dc5ba63390ccd825b3e31be2acb03812d47e4,04eb6937abb6704ff2309ab0ff9676fa2bad9093a91c7931f0a2d32730435abb77624738e66a80084b699c26f22f9b307bbb420c31173f0b49ee050e0697991a40
3283,51427ae644e5844e025226d3eaf8c0041e5c270fb268f7b56202eab208a33b1d,049acf64c6a0cf2480e0f9175f3200c96e324768ce3f188277b373053428bf17b6d2d6882864f1c8d854e1d21da29957f7bf1d541ea255bf97b8a8ddc96bb1ba5c
3284,9f3ceb3f839dc59a4786bb7b08c0c7780050c472ec810970580034f68cf2e2fe,0475ee758ad97833a0790e288e5148c5a63b223a9ca2f14aa5f393c6d80d41acd3e6138c46606d10c17d5a271e07a77ff48040a141a76f2fb0cf858615e4e340e0
3285,815b090b6e9af541a75363d8b12e6be7c1c8d45246e5fe7147f30071b5e95afd,0467dd8b030dfcf289a776a869d82957490f6d5cef46198d5082a5ed3cebd2169a280dad8ccb06e9a86325d0d892d086dcd849bd9c309a535f1ef6d488b858507a
3286,95d5a5f0147bdcc4ab77018297f94f44caebf7ceea2d0855211f91a4d0afc3f3,04d48257b268818e8953bdfd289aa040f43649bbf5cbf1208babdd3545cb9005fb5752bdf3d2e59d4637bf1919ccd460a389bc36f5df24bc9d5988a3aaf89e84f2
3287,a928d80b665432404839cbb4e6a3455e1f1787f8e5aaf86a99a50f5e6cc0c4c6,04a22849d6194616010e3518b16b8a92b0f405cd46b6cb1519209536c85cf46f4bacae01ef5b141e79f3a2f5df6ebfc77e0a5ed8ce7478375ca49863118d972b39
3288,7576d762477ec69fa273201adfd876fcbca5915e8ac58582ad9bccbd99e08310,044274563046c3b0dbfa5ef8fe259ed0cfcbd0909305c866615f5a770f78dee9fcd39af5e2676e833b59af5d724eabd0783b9666f5cbb084bf9e974abc97163d30
3289,ede77316d2b00ff89b4abbeca4d763a1fae7beb690a068dd94f43e5aec9c45fa,040b5d065b8652474f0f2018ff92fea0907df56b57041ab03a032be6a0f8b8bd73191d8c1a40ab204c4b905deb93d95166afb172b5b12db9e50a922a6783f8fa6f
3290,7c86247a6872322bd842f45556805663d4549ba12affd614a4661f6b6aec6416,043eb2c3dabf968a4d3530d0a1f844562e2229ce93632ba56ae38a2200162be46dca9a8c3da99fd4342211aa8df226c1b3b507741ad470b6dfca8c2868dd05e299
3291,3ba34ce4912b96aab9ae00639592615408bc01ce71801696c8c14beff6eec2eb,046a689c452c7de4b49aba862ecb7f077776ec40ab63052139b36772b5d7e26cea0c296412bf57ddb064e64ce27c8e4028feeaf95b2e8422ad8d33750e880d8be0
3292,36db49bf802f18c5fd20af3ff91525f1e9b3f83137fd0236291f7ad31a0c33ca,0462a3077a3ae2e743ffc3f888b572b11a5cb09f26f59d41152adb3cc85acf63485841d019df75b2dea775103f8dc2e3fc33d905dbd3948eeeb1ca9dc418c4e516
3293,690b789a2d080d30a0b54145da6cd75d83cb71afb5a7b87c53b84cf6baf0d9d9,04007a861decba6bf3c875df823b20aeb87428c053cb470bb7a8f97deae1f710e76435c29129606b73a664f183f94f6b19cce5d20c75b25f1a09e505d509fa6bc6
3294,8aa666ca6a6c143faf6b007bc0fc1918b2d79e902c7fa0a71df72d6cdf80814d,04a56ab576c7a6efd600040494ef76dad5f7a115b02ea34ba8ccf9435c3208a2555c83bc145398ae735cf884131a975aaedbf3322fbeac731eff5c2fa1f18fa0ee
3295,e76f36ae9a3e4cde287d685d43cbeefdc448afa653e16f11a98f6a4bd8c77ea9,04812a1db636ca72f155cfac9cb567dcb2568af59a34850409b1ada697c4cdd79ca7b69df54e0c7c71dc414a2a150e7c9ca9359fc052d4a08a5bbeaf1f0cdf1d49
3296,393881ecf84f395f9bba0c82c7a164c0cdcf12a4a4ce2de0802911b273d79f57,04b2ac1f5f02b82c5e29e4e828b926a66ce3b39d8ff296cb1f10e861f05519543ce319916d8402de4453c317f68d5adce98a01d4b44988615feeb9bf846fe5f4d0
3297,d951b91701f69621a425569e3e4c647a95a9531b73a6755ad6191e8141ca1617,048b208eaf72d1079e570c41c67f51b6672b3ce2c4eed1319c779e5a80e498cfdab26f26f3dd618d4260992dbc69141329e3706e1e848ee4b096354aca5ca22d62
3298,f4192cf0b0e0035070096850a210d3755873d5a09f0b0cb7e323ab7f0dfa4d07,046e09244f5894937b55fdf0af311753bd2c5fc194de4ab8b931963bacac77bbee62151258cf86ce0cafa0cb217adc627613fc3f456a5f922a3b7c81474aa15476
3299,9bf7d209b973881bc9201a7bab4a028aa8534fc7474975efbfcc3d2f60360c07,042c8e4ec4a979211e7a3437343250d02e9f91c6492f166b09822d608211599c5c4d15ab2320a7169f6d0f1c37cf67be64c96a5626b16a4672411a34a313741ac9
3300,e8f4c85c82ffbb012b02fc7736f1b55ed0182caa567c319d2a9ffe4b41eec38c,0402710665dbf48b3d26bb358343b816d04822540965b5be0bbe331afc9f2cb29376aef16f177ac8ff8855ac79dcc3f7919c87515b6f42f0f92a90fec8638da59e
3301,b071b3542727c5357b7f52fc9d9774861183bb33a7847d31b6ff3531f08317ce,04427aa99f1d87c615acc5eef533f6a6489e77e62d28c62217e42946732b491a49b24a0e26dae0b7a62be1c0688c4051868c905e06d79292e64824e903b8cdaeaa
3302,199e336c7f7e69aae82c8885495480cfdeb90be4c3a8f37501e5b83f34fb8fb3,04c2e4a2349321b7c7cf6302c4056cf3a2b2f50df81d8c6b33d4c106f3f9779455886bb0cd8dfa288df3ade5d20ff164b22d10cf3be90bed69abb37023c4ded0ea
3303,63173cae16734febb89347b9230ee57b3ce2f2b99e352d34d24633a61e79f51e,047d2ff84f94b69e72b86ca013e0a7b16ca702b9b6d00caeb8073db7246a78231d918b4e6e657aa965e15deb94864810b3494b3d64cbeea0231b7c152ed24fd730
3304,e069b5e471aa64c777b809a2fe6be033d02c6d57c5b8205021bff0957aa57bf7,04eed220bc7ddb68460c6c061906db4c6b04923a4303c49ed490b089ddbfe47b42d660b4447f9777afd1d0de0d188d72061fac7b844228a7b4e063ca6470682130
3305,c83e3c160761f9cdfca236e956e16aea3f3527508e1157db6d564426ebe6a6b2,044c532537bc80cd3ca1783026b7fcb0308cebcde0ffa48b10cbcee432217e00dead755e1d56aa548617332d3d5b9f0f860831416f2437d6cc276c57b20601f4a9
3306,35f499bd972e2bb64a9237483d6fb089ac13b109a02d0726291fecf5b97a920d,044992bc09c767e46df5825a578eaba9a06d53cd17acf26ea68b1ca82eefdf70a887d5cba70cf9665f901bf28ae5ea820bf8a6659e9d3cb807cb13f251bb9c3f99